,"(1/10,1/5,1/10,1/0.1,1/0.1,1/0.1)Ç∆î‰är",,,,"[0.03266443156885345,0.03362003115647776]",,,,,,,,,,,,,,
,BCä‘ÇÃíxâÑ1/0.01,,,,"[0.036404635619643806,0.0375185941878611]",,,,,,,,,,,,,,
,BCä‘ÇÃíxâÑ1/0.001,,,,"[0.03742151442369306,0.03855180385316984]",,,,,,,,,,,,,,
,BCä‘ÇÃíxâÑ1/0.0001,,,,"[0.03751411845511342,0.03844448155555087]",,,,,,,,,,,,,,
,BCä‘ÇÃíxâÑ1/0.00001,,,,"[0.037438781322456996,0.03828691202822493]",,,,,,,,,,,,,,
ë¨Ç¢ï˚,1/10,1/5,1/0.1,1/0.1,0.026040654,0.000354761,4.71E-06,6.26E-08,,,,,,,,,,,
íxÇ¢ï˚,1/10,1/10,1/0.1,1/0.1,9.85E-03,9.92E-05,9.90E-07,9.87E-09,,,,,,,,,,,
òa,1/10,1/5+1/10,1/0.1,1/0.1,0.043485198,0.00067717,1.01E-05,1.51E-07,,,,,,,,,,,
ïΩãœ,1/10,(1/5+1/10)/2,1/0.1,1/0.1,0.017661599,0.000214915,2.57E-06,3.07E-08,,,,,,,,,,,
í≤òaïΩãœ,1/10,1/7.5,1/0.1,1/0.1,0.014973611,0.000173112,1.97E-06,,,,,,,,,,,,
blkrate,1/10,0.298587963,1/0.1,1/0.1,0.04212477,0.000650872,9.65E-06,,,,,,,,,,,,
,,,,,,,,,,,,,,,,,,,
,"(1/5,1/10,1/10,1/0.1,1/0.1,1/0.1)Ç∆î‰är",,,,"[0.013698316678516733,0.014178114261418002]",,,,,,,,,,,,,,
,BCä‘ÇÃíxâÑ1/0.01,,,,"[0.015311327705870098,0.016014861189944427]",,,,,,,,,,,,,,
,BCä‘ÇÃíxâÑ1/0.001,,,,"[0.01570386796921519,0.01634986650666575]",,,,,,,,,,,,,,
,BCä‘ÇÃíxâÑ1/0.0001,,,,"[0.015647201191325222,0.01636861635385708]",,,,,,,,,,,,,,
,BCä‘ÇÃíxâÑ1/0.00001,,,,"[0.01563129868369653,0.01635679104215532]",,,,,,,,,,,,,,
ë¨Ç¢ï˚ÅEíxÇ¢ï˚ÅEïΩãœ,1/5,1/10,1/0.1,1/0.1,6.51E-03,,,,,,,,,,,,,,
òa,1/5,1/5,1/0.1,1/0.1,0.019420467,,,,,,,,,,,,,,
blkrate,1/5,0.19874537,1/0.1,1/0.1,0.018859027,0.000378127,7.45E-06,,,,,,,,,,,,
,,,,,,,,,,,,,,,,,,,
,"(1/5,1/10,1/10,1/1,1/0.1,1/0.1)Ç∆î‰är",,,,"[0.05935448476806492,0.05975246865074451]",,*îºîNè\âÒ,,,,,,,,,,,,
,BCä‘ÇÃíxâÑ1/0.01,,,,"[0.061558685991213294,0.06221329137002157]",,,,,,,,,,,,,,
,BCä‘ÇÃíxâÑ1/0.001,,,,"[0.06128625320022738,0.06217730862066293]",,,,,,,,,,,,,,
,BCä‘ÇÃíxâÑ1/0.0001,,,,"[0.0611591856848055,0.062028889897658555]",,,,,,,,,,,,,,
,BCä‘ÇÃíxâÑ1/0.00001,,,,"[0.06114884032387803,0.06202964134052834]",,,,,,,,,,,,,,
ë¨Ç¢ï˚ÅEíxÇ¢ï˚ÅEïΩãœ,1/5,1/10,1/1,1/0.1,0.030339243,,,,,,,,,,,,,,
òa,1/5,1/5,1/1,1/0.1,0.08763038,,,,,,,,,,,,,,
blkrate,1/5,0.19874537,1/1,1/0.1,0.08522405,0.009606034,0.0010529,,,,,,,,,,,,
,,,,,,,,,,,,,,,,,,,
,"(1/10,1/10,1/10,1/0.1,1/0.001,1/0.001)Ç∆î‰är",,,,"[0.009522318823158796,0.010032418949919516]",,*1Ç©åé20âÒ,,,,,,,,,,,,
,1/10,1/5,1/0.1,1/0.001,0.013163576,,,,,,,,,,,,,,
,,,,,,,,,,,,,,,,,,,
,"(1/5,1/5,1/10,1/0.1,1/0.1,1/0.1)Ç∆î‰är",,,,"[0.025556299964983833,0.02618590313435147]",,,,,,,,,,,,,,
,1/5,3/10,1/0.1,1/0.1,0.034677066,,,,,,,,,,,,,,
,,,,,,,,,,,,,,,,,,,
,"(1/10,1/10,1/10,1/0.1,1/0.1,1/0.1)Ç∆î‰är",,,,"[0.018734396737466547,0.019538873238497692]",,,,,,,,,,,,,,
,BCä‘ÇÃíxâÑ1/0.01,,,,"[0.02138542831085432,0.02232045902439607]",,,,,,,,,,,,,,
,BCä‘ÇÃíxâÑ1/0.001,,,,"[0.02166313703369308,0.022610327165907048]",,,,,,,,,,,,,,
ë¨Ç¢ï˚ÅEíxÇ¢ï˚ÅEïΩãœ,1/10,1/10,1/0.1,1/0.1,9.85E-03,,,,,,,,,,,,,,
òa,1/10,1/5,1/0.1,1/0.1,0.026040654,,,,,,,,,,,,,,
blkrate,1/10,0.19874537,1/0.1,1/0.1,0.025374049,0.000343194,4.53E-06,,,,,,,,,,,,
,,,,,,,,,,,,,,,,,,,
ë¨Ç¢É}ÉCÉiÅ[ÇÃí êMî\óÕÇ™í·Ç¢èÍçá,"(1/10,1/5,1/10,1/0.1,1/1,1/0.1)Ç∆î‰är",,,,"[0.10572309254403688,0.10762366213094642]",,,,"[0.004899150560585031,0.005314288306922859]",,,,,,,,,,
,BCä‘ÇÃíxâÑ1/0.01,,,,"[0.12870652361545173,0.13077018630437046]",,,,"[0.005796285274823797,0.006196114897203496]",,,,,,,,,,
,BCä‘ÇÃíxâÑ1/0.001,,,,"[0.12930577232305315,0.13137433732690382]",,,,"[0.0059997514211062985,0.006571252094081844]",,,,,,,,,,
,BCä‘ÇÃíxâÑ1/0.0001,,,,"[0.1292642844130095,0.13118096232068763]",,,,,,,,,,,,,,
,BCä‘ÇÃíxâÑ1/0.00001,,,,"[0.1291421883735724,0.13099844548763256]",,,,,,,,,,,,,,
,BCä‘ÇÃíxâÑ1/0.000001,,,,"[0.1293386466234709,0.13112437256535692]",,,,,,,,,,,,,,
ë¨Ç¢ï˚ÅEíxâÑëÂ,1/10,1/5,1/0.1,1/1,0.132998632,0.011102245,0.00083326,,,,,,,,,,,,
ë¨Ç¢ï˚ÅEíxâÑè¨,1/10,1/5,1/0.1,1/0.1,0.026040654,0.000354761,4.71E-06,,,,,,,,,,,,
ë¨Ç¢ï˚ÅEíxâÑòa,1/10,1/5,1/0.1,1.1/0.1,0.024867217,0.000323074,4.10E-06,,,,,,,,,,,,
ë¨Ç¢ï˚ÅEíxâÑïΩãœ,1/10,1/5,1/0.1,1.1/0.2,0.036518462,0.000708322,1.33E-05,,,,,,,,,,,,
ë¨Ç¢ï˚ÅEíxâÑí≤òaïΩãœ,1/10,1/5,1/0.1,1/0.55,0.081793009,0.003849511,0.000168588,,,,,,,,,,,,
íxÇ¢ï˚ÅEíxâÑëÂ,1/10,1/10,1/0.1,1/1,0.051597947,0.003002965,0.000168206,,,,,,,,,,,,
íxÇ¢ï˚ÅEíxâÑè¨,1/10,1/10,1/0.1,1/0.1,0.009852611,9.92E-05,9.90E-07,,,,,,,,,,,,
íxÇ¢ï˚ÅEíxâÑòa,1/10,1/10,1/0.1,1.1/0.1,0.009406923,9.04E-05,8.61E-07,,,,,,,,,,,,
íxÇ¢ï˚ÅEíxâÑïΩãœ,1/10,1/10,1/0.1,1.1/0.2,0.013844057,0.000197231,2.77E-06,,,,,,,,,,,,
íxÇ¢ï˚ÅEíxâÑí≤òaïΩãœ,1/10,1/10,1/0.1,1/0.55,0.03133695,0.001054137,3.45E-05,,,,,,,,,,,,
òaÅEíxâÑëÂ,1/10,3/10,1/0.1,1/1,0.215041662,0.021778646,0.001843699,,,,,,,,,,,,
òaÅEíxâÑè¨,1/10,3/10,1/0.1,1/0.1,0.043485198,0.00067717,1.01E-05,,,,,,,,,,,,
òaÅEíxâÑòa,1/10,3/10,1/0.1,1.1/0.1,0.041536361,0.000616406,8.79E-06,,,,,,,,,,,,
òaÅEíxâÑïΩãœ,1/10,3/10,1/0.1,1.1/0.2,0.060821786,0.001357698,2.86E-05,,,,,,,,,,,,
òaÅEíxâÑí≤òaïΩãœ,1/10,3/10,1/0.1,1/0.55,0.134397696,0.007486073,0.000369504,,,,,,,,,,,,
ïΩãœÅEíxâÑëÂ,1/10,3/20,1/0.1,1/1,0.091476631,0.006620902,0.000446256,,,,,,,,,,,,
ïΩãœÅEíxâÑè¨,1/10,3/20,1/0.1,1/0.1,0.017661599,0.000214915,2.57E-06,,,,,,,,,,,,
ïΩãœÅEíxâÑòa,1/10,3/20,1/0.1,1.1/0.1,0.016863947,0.000195765,2.24E-06,,,,,,,,,,,,
ïΩãœÅEíxâÑïΩãœ,1/10,3/20,1/0.1,1.1/0.2,0.024795635,0.000428182,7.22E-06,,,,,,,,,,,,
ïΩãœÅEíxâÑí≤òaïΩãœ,1/10,3/20,1/0.1,1/0.55,0.055864496,0.002308474,9.09E-05,,,,,,,,,,,,
í≤òaïΩãœÅEíxâÑëÂ,1/10,1/7.5,1/0.1,1/1,0.077873825,0.005303037,0.000340118,,,,,,,,,,,,
í≤òaïΩãœÅEíxâÑè¨,1/10,1/7.5,1/0.1,1/0.1,0.014973611,0.000173112,1.97E-06,,,,,,,,,,,,
í≤òaïΩãœÅEíxâÑòa,1/10,1/7.5,1/0.1,1.1/0.1,0.014296932,0.000157698,1.72E-06,,,,,,,,,,,,
í≤òaïΩãœÅEíxâÑïΩãœ,1/10,1/7.5,1/0.1,1.1/0.2,0.021028626,0.000344643,5.54E-06,,,,,,,,,,,,
í≤òaïΩãœÅEíxâÑí≤òaïΩãœ,1/10,1/7.5,1/0.1,1/0.55,0.047459643,0.00185287,6.94E-05,,,,,,,,,,,,
blkrateÅEíxâÑëÂ,1/10,0.282515432,1/0.1,1/1,0.185379431,0.017647615,0.001442687,,,,,,,,,,,,
blkrateÅEíxâÑè¨,1/10,0.282515432,1/0.1,1/0.1,0.037029984,0.000553954,7.99E-06,,,,,,,,,,,,
blkrateÅEíxâÑòa,1/10,0.282515432,1/0.1,1.1/0.1,0.035366941,0.00050433,6.95E-06,,,,,,,,,,,,
blkrateÅEíxâÑïΩãœ,1/10,0.282515432,1/0.1,1.1/0.2,0.051845204,0.001108978,2.26E-05,,,,,,,,,,,,
blkrateÅEíxâÑí≤òaïΩãœ,1/10,0.282515432,1/0.1,1/0.55,0.115152141,0.006083629,0.00029002,,,,,,,,,,,,
,,,,,,,,,,,,,,,,,,,
,,,,,,,,,,,,,,,,,,,
ë¨Ç¢É}ÉCÉiÅ[ÇÃí êMî\óÕÇ™çÇÇ¢èÍçá,"(1/10,1/5,1/10,1/0.1,1/0.1,1/1)Ç∆î‰är",,,,"[0.05972744335636611,0.0612879335691594]",,,,"[0.0013718774380853391,0.001584832134433651]",,,,,,,,,,
,BCä‘ÇÃíxâÑ1/0.01,,,,"[0.08290236471772708,0.08465239582052653]",,,,"[0.00233364612697775,0.0026439108860502373]",,,,,,,,,,
,BCä‘ÇÃíxâÑ1/0.001,,,,"[0.08328215512487196,0.08479167343457596]",,,,"[0.002322731946482591,0.002643607354877036]",,,,,,,,,,
,,,,,,,,,,,,,,,,,,,
,,,,,,,,,,,,,,,,,,,
"(1/10,1/10,1/10,1/0.1,1/0.1,1/0.1)ÇäÓèÄÇ…ìÒé“ä‘ÇÃâêÕÇÇ∑ÇÈÅBÉ B&CÇ…ÇÕblkrateÇçÃópÅAÉ…B&CÇÕéËíTÇËÇ≈",,,,,,,"[0.018734396737466547,0.019538873238497692]",,,,"[0.00012232341686245235,0.00019192620155432827]",,,,,,,,
1/10,0.19874537,1/0.1,,,5.031563754,,,,,,,,,,,,,,
A-BCä‘ÇÃíxâÑÉpÉâÉÅÅ[É^,,îjä¸Ç≥ÇÍÇÈämó¶,,,,,,,,,,,,,,,,,
1/0.1,,0.025826188,0.000351032,,,,,,,,,,,,,,,,
1/0.01,,0.014224726,0.000105978,,,,,,,,,,,,,,,,
1/0.02,,0.015522453,0.000126077,,,,,,,,,,,,,,,,
1/0.03,,0.016818024,0.000147945,,,,,,,,,,,,,,,,
1/0.04,,0.018111432,0.00017159,,,,,,,,,,,,,,,,
1/0.041,,0.018240654,0.000174052,,,,,,,,,,,,,,,,
1/0.042,,0.018240654,0.000174052,,,,,,,,,,,,,,,,
1/0.043,,0.018499032,0.00017903,,,,,,,,,,,,,,,,
1/0.044,,0.018628189,0.000181546,,,,,,,,,,,,,,,,
1/0.0441,,0.018641104,0.000181798,,,,,,,,,,,,,,,,
1/0.0442,,0.018654018,0.000182051,,,,,,,,,,,,,,,,
1/0.0443,,0.018666932,0.000182304,,,,,,,,,,,,,,,,
1/0.0444,,0.018679846,0.000182557,,,,,,,,,,,,,,,,
1/0.0445,,0.018692759,0.00018281,,,,,,,,,,,,,,,,
1/0.0446,,0.018705673,0.000183064,,,,,,,,,,,,,,,,
1/0.0447,,0.018718586,0.000183317,,,,,,,,,,,,,,,,
1/0.0448,,0.018731499,0.000183571,,,,,,,,,,,,,,,,
1/0.0449,,0.018744412,0.000183825,,,,,,,,,,,,,,,,
1/0.045,,0.018757324,0.000184079,,,,,,,,,,,,,,,,
1/0.0451,,0.018770236,0.000184333,,,,,,,,,,,,,,,,
1/0.0452,,0.018783148,0.000184588,,,,,,,,,,,,,,,,
1/0.0453,,0.01879606,0.000184843,,,,,,,,,,,,,,,,
1/0.0454,,0.018808972,0.000185098,,,,,,,,,,,,,,,,
1/0.0455,,0.018821883,0.000185353,,,,,,,,,,,,,,,,
1/0.0456,,0.018834795,0.000185608,,,,,,,,,,,,,,,,
1/0.0457,,0.018847706,0.000185863,,,,,,,,,,,,,,,,
1/0.0458,,0.018860616,0.000186119,,,,,,,,,,,,,,,,
1/0.0459,,0.018873527,0.000186375,,,,,,,,,,,,,,,,
1/0.046,,0.018886437,0.000186631,,,,,,,,,,,,,,,,
1/0.0461,,0.018899347,0.000186887,,,,,,,,,,,,,,,,
1/0.0462,,0.018912257,0.000187143,,,,,,,,,,,,,,,,
1/0.0463,,0.018925167,0.000187399,,,,,,,,,,,,,,,,
1/0.0464,,0.018938077,0.000187656,,,,,,,,,,,,,,,,
1/0.0465,,0.018950986,0.000187913,,,,,,,,,,,,,,,,
1/0.0466,,0.018963895,0.00018817,,,,,,,,,,,,,,,,
1/0.0467,,0.018976804,0.000188427,,,,,,,,,,,,,,,,
1/0.0468,,0.018989712,0.000188685,,,,,,,,,,,,,,,,
1/0.0469,,0.019002621,0.000188942,,,,,,,,,,,,,,,,
1/0.047,,0.019015529,0.0001892,,,,,,,,,,,,,,,,
1/0.0471,,0.019028437,0.000189458,,,,,,,,,,,,,,,,
1/0.0472,,0.019041345,0.000189716,,,,,,,,,,,,,,,,
1/0.0473,,0.019054252,0.000189974,,,,,,,,,,,,,,,,
1/0.0474,,0.019067159,0.000190233,,,,,,,,,,,,,,,,
1/0.0475,,0.019080067,0.000190491,,,,,,,,,,,,,,,,
1/0.0476,,0.019092973,0.00019075,,,,,,,,,,,,,,,,
1/0.0477,,0.01910588,0.000191009,,,,,,,,,,,,,,,,
1/0.0478,,0.019118787,0.000191268,,,,,,,,,,,,,,,,
1/0.0479,,0.019131693,0.000191527,,,,,,,,,,,,,,,,
1/0.048,,0.019144599,0.000191787,,,,,,,,,,,,,,,,
1/0.0481,,0.019157505,0.000192047,,,,,,,,,,,,,,,,
1/0.0482,,0.01917041,0.000192306,,,,,,,,,,,,,,,,
1/0.0483,,0.019183315,0.000192567,,,,,,,,,,,,,,,,
1/0.0484,,0.019196221,0.000192827,,,,,,,,,,,,,,,,
1/0.0485,,0.019209126,0.000193087,,,,,,,,,,,,,,,,
1/0.0486,,0.01922203,0.000193348,,,,,,,,,,,,,,,,
1/0.0487,,0.019234935,0.000193609,,,,,,,,,,,,,,,,
1/0.0488,,0.019247839,0.000193869,,,,,,,,,,,,,,,,
1/0.0489,,0.019260743,0.000194131,,,,,,,,,,,,,,,,
1/0.049,,0.019273647,0.000194392,,,,,,,,,,,,,,,,
1/0.0491,,0.01928655,0.000194653,,,,,,,,,,,,,,,,
1/0.0492,,0.019299454,0.000194915,,,,,,,,,,,,,,,,
1/0.0493,,0.019312357,0.000195177,,,,,,,,,,,,,,,,
1/0.0494,,0.01932526,0.000195439,,,,,,,,,,,,,,,,
1/0.0495,,0.019338163,0.000195701,,,,,,,,,,,,,,,,
1/0.0496,,0.019351065,0.000195963,,,,,,,,,,,,,,,,
1/0.0497,,0.019363968,0.000196226,,,,,,,,,,,,,,,,
1/0.0498,,0.01937687,0.000196489,,,,,,,,,,,,,,,,
1/0.0499,,0.019389772,0.000196752,,,,,,,,,,,,,,,,
1/0.05,,0.019402673,0.000197015,,,,,,,0.019540176,,,,,,,,,
1/0.0501,,0.019415575,0.000197278,,,,,,,,,,,,,,,,
1/0.0502,,0.019428476,0.000197541,,,,,,,,,,,,,,,,
1/0.0503,,0.019441377,0.000197805,,,,,,,,,,,,,,,,
1/0.0504,,0.019454278,0.000198069,,,,,,,,,,,,,,,,
1/0.0505,,0.019467178,0.000198333,,,,,,,,,,,,,,,,
1/0.0506,,0.019480079,0.000198597,,,,,,,,,,,,,,,,
1/0.0507,,0.019492979,0.000198861,,,,,,,,,,,,,,,,
1/0.0508,,0.019505879,0.000199126,,,,,,,,,,,,,,,,
1/0.0509,,0.019518778,0.00019939,,,,,,,,,,,,,,,,
1/0.051,,0.019531678,0.000199655,,,,,,,,,,,,,,,,
1/0.0511,,0.019544577,0.00019992,,,,,,,,,,,,,,,,
1/0.0512,,0.019557476,0.000200186,,,,,,,,,,,,,,,,
1/0.0513,,0.019570375,0.000200451,,,,,,,,,,,,,,,,
1/0.0514,,0.019583274,0.000200717,,,,,,,,,,,,,,,,
1/0.0515,,0.019596172,0.000200982,,,,,,,,,,,,,,,,
1/0.0516,,0.01960907,0.000201248,,,,,,,,,,,,,,,,
1/0.0517,,0.019621968,0.000201514,,,,,,,,,,,,,,,,
1/0.0518,,0.019634866,0.000201781,,,,,,,,,,,,,,,,
1/0.0519,,0.019647764,0.000202047,,,,,,,,,,,,,,,,
1/0.052,,0.019660661,0.000202314,,,,,,,,,,,,,,,,
1/0.053,,0.019789622,0.00020499,,,,,,,,,,,,,,,,
1/0.054,,0.019918561,0.000207685,,,,,,,,,,,,,,,,
1/0.055,,0.020047479,0.000210397,,,,,,,,,,,,,,,,
1/0.056,,0.020176375,0.000213127,,,,,,,,,,,,,,,,
1/0.057,,0.020305249,0.000215875,,,,,,,,,,,,,,,,
1/0.058,,0.020434102,0.000218641,,,,,,,,,,,,,,,,
1/0.059,,0.020562932,0.000221424,,,,,,,,,,,,,,,,
1/0.06,,0.020691741,0.000224226,,,,,,,,,,,,,,,,
1/0.07,,0.021978631,0.000253229,,,,,,,,,,,,,,,,
1/0.08,,0.023263339,0.000284028,,,,,,,,,,,,,,,,
1/0.09,,0.024545859,0.000316627,,,,,,,,,,,,,,,,
,,,,,,,,,,,,,,,,,,,
,,,,,,,,,,,,,,,,,,,
"(1/10,1/5,1/10,1/0.1,1/0.1,1/0.1)Ç∆î‰är",,,,"[0.03266443156885345,0.03362003115647776]",,,,,,,,,,,,,,,
1/10,0.298587963,1/0.1,,Å®,AÇÃíxâÑÉpÉâÉÅÅ[É^ÇïœâªÇ≥ÇπÇÈ,,,,,,,,,,,,,,
A-BCä‘ÇÃíxâÑÉpÉâÉÅÅ[É^,,îjä¸Ç≥ÇÍÇÈämó¶,,,,,,,,,,,,,,,,,
1/0.04,,0.030363709,,,1/10,0.298587963,1/0.04,1/0.1,,0.030706628,,,,,,,,,
1/0.05,,0.032522629,,,1/10,0.298587963,1/0.05,1/0.1,,0.032827226,,,,,,,,,
1/0.051,,0.032738223,,,1/10,0.298587963,1/0.051,1/0.1,,0.033038559,,,,,,,,,
1/0.052,,0.032953763,,,1/10,0.298587963,1/0.052,1/0.1,,0.033249761,,,,,,,,,
1/0.053,,0.033169249,,,1/10,0.298587963,1/0.053,1/0.1,,0.033460831,,,,,,,,,
1/0.054,,0.033384681,,,1/10,0.298587963,1/0.054,1/0.1,,0.03367177,,,,,,,,,
1/0.055,,0.033600059,,,1/10,0.298587963,1/0.055,1/0.1,,0.033882579,,,,,,,,,
1/0.056,,0.033815383,,,1/10,0.298587963,1/0.056,1/0.1,,0.034093256,,,,,,,,,
1/0.057,,0.034030652,,,1/10,0.298587963,1/0.057,1/0.1,,0.034303803,,,,,,,,,
1/0.058,,0.034245867,,,1/10,0.298587963,1/0.058,1/0.1,,0.03451422,,,,,,,,,
1/0.059,,0.034461029,,,1/10,0.298587963,1/0.059,1/0.1,,0.034724506,,,,,,,,,
1/0.06,,0.034676136,,,1/10,0.298587963,1/0.06,1/0.1,,0.034934662,,,,,,,,,
,,,,,,,,,,,,,,,,,,,
"(1/5,1/10,1/10,1/0.1,1/0.1,1/0.1)Ç∆î‰är",,,,"[0.013698316678516733,0.014178114261418002]",,,,,,,,,,,,,,,
1/5,0.19874537,1/0.1,1/0.1,Å®,AÇÃíxâÑÉpÉâÉÅÅ[É^ÇïœâªÇ≥ÇπÇÈ,,,,,,,,,,,,,,
A-BCä‘ÇÃíxâÑÉpÉâÉÅÅ[É^,,îjä¸Ç≥ÇÍÇÈämó¶,,,,,,,,,,,,,,,,,
1/0.04,,0.013493948,,,1/5,0.19874537,1/0.04,1/0.1,,0.013642456,,,,,,,,,
1/0.041,,0.013590319,,,1/5,0.19874537,1/0.041,1/0.1,,0.013737306,,,,,,,,,
1/0.042,,0.013686669,,,1/5,0.19874537,1/0.042,1/0.1,,0.013832102,,,,,,,,,
1/0.043,,0.013782999,,,1/5,0.19874537,1/0.043,1/0.1,,0.013926843,,,,,,,,,
1/0.044,,0.013879309,,,1/5,0.19874537,1/0.044,1/0.1,,0.01402153,,,,,,,,,
1/0.045,,0.013975599,,,1/5,0.19874537,1/0.045,1/0.1,,0.014116163,,,,,,,,,
1/0.046,,0.014071868,,,1/5,0.19874537,1/0.046,1/0.1,,0.014210742,,,,,,,,,
1/0.047,,0.014168117,,,1/5,0.19874537,1/0.047,1/0.1,,0.014305266,,,,,,,,,
1/0.048,,0.014264345,,,1/5,0.19874537,1/0.048,1/0.1,,0.014399737,,,,,,,,,
1/0.049,,0.014360553,,,1/5,0.19874537,1/0.049,1/0.1,,0.014494154,,,,,,,,,
1/0.05,,0.014456741,,,1/5,0.19874537,1/0.05,1/0.1,,0.014588517,,,,,,,,,
,,,,,,,,,,,,,,,,,,,
"(1/5,1/10,1/10,1/1,1/0.1,1/0.1)Ç∆î‰är",,,,"[0.05935448476806492,0.05975246865074451]",,,,,,,,,,,,,,,
1/5,0.19874537,1/1,1/0.1,Å®,AÇÃíxâÑÉpÉâÉÅÅ[É^ÇïœâªÇ≥ÇπÇÈ,,,,,,,,,,,,,,
A-BCä‘ÇÃíxâÑÉpÉâÉÅÅ[É^,,îjä¸Ç≥ÇÍÇÈämó¶,,,,,,,,,,,,,,,,,
1/0.00001,,0.078430974,,,1/5,0.19874537,1/0.5,1/0.1,,0.052482571,,,,,,,,,
,,,,,1/5,0.19874537,1/0.51,1/0.1,,0.053237742,,,,,,,,,
,,,,,1/5,0.19874537,1/0.52,1/0.1,,0.05398973,,,,,,,,,
,,,,,1/5,0.19874537,1/0.53,1/0.1,,0.054738567,,,,,,,,,
,,,,,1/5,0.19874537,1/0.54,1/0.1,,0.055484284,,,,,,,,,
,,,,,1/5,0.19874537,1/0.55,1/0.1,,0.05622691,,,,,,,,,
,,,,,1/5,0.19874537,1/0.56,1/0.1,,0.056966474,,,,,,,,,
,,,,,1/5,0.19874537,1/0.57,1/0.1,,0.057703007,,,,,,,,,
,,,,,1/5,0.19874537,1/0.58,1/0.1,,0.058436535,,,,,,,,,
,,,,,1/5,0.19874537,1/0.59,1/0.1,,0.059167089,,,,,,,,,
,,,,,1/5,0.19874537,1/0.591,1/0.1,,0.059239982,,,,,,,,,
,,,,,1/5,0.19874537,1/0.592,1/0.1,,0.059312845,,,,,,,,,
,,,,,1/5,0.19874537,1/0.593,1/0.1,,0.059385679,,,,,,,,,
,,,,,1/5,0.19874537,1/0.594,1/0.1,,0.059458483,,,,,,,,,
,,,,,1/5,0.19874537,1/0.595,1/0.1,,0.059531258,,,,,,,,,
,,,,,1/5,0.19874537,1/0.596,1/0.1,,0.059604004,,,,,,,,,
,,,,,1/5,0.19874537,1/0.597,1/0.1,,0.059676721,,,,,,,,,
,,,,,1/5,0.19874537,1/0.598,1/0.1,,0.059749408,,,,,,,,,
,,,,,1/5,0.19874537,1/0.599,1/0.1,,0.059822066,,,,,,,,,
,,,,,,,,,,,,,,,,,,,
1/0.001,,0.078515201,,,1/5,0.19874537,1/0.6,1/0.1,,0.059894694,,,,,,,,,
1/0.01,,0.079280188,,,,,,,,,,,,,,,,,
1/0.02,,0.080128648,,,,,,,,,,,,,,,,,
1/0.03,,0.080975483,,,,,,,,,,,,,,,,,
1/0.04,,0.08182067,,,,,,,,,,,,,,,,,
1/0.05,,0.08266419,,,,,,,,,,,,,,,,,
,,,,,,,,,,,,,,,,,,,
"(1/10,1/5,1/10,1/0.1,1/1,1/0.1)Ç∆î‰är",,,,"[0.10572309254403688,0.10762366213094642]",,,,"[0.004899150560585031,0.005314288306922859]",,,,,,,,,,,
1/10,0.282515432,1/0.1,1/1,Å®,AÇÃíxâÑÉpÉâÉÅÅ[É^ÇïœâªÇ≥ÇπÇÈ,,,,,,,,,,,,,,
A-BCä‘ÇÃíxâÑÉpÉâÉÅÅ[É^,,îjä¸Ç≥ÇÍÇÈämó¶,,,,,,,,,,,,,,,,,
1/0.03,,0.026344531,,,,,,,,,,,,,,,,,
1/0.04,,0.028367244,0.000301309,,,,,,,,,,,,,,,,
1/0.4,,0.098012861,0.003984428,,1/10,0.282515432,1/0.4,1/1,,0.244701859,0.03071119,,,,,,,,
1/0.41,,0.099860274,0.004148939,,1/10,0.282515432,1/0.4,1/1,,,,,,,,,,,
1/0.42,,0.101703054,0.004316851,,1/10,0.282515432,1/0.4,1/1,,,,,,,,,,,
1/0.43,,0.103541207,0.004488164,,1/10,0.282515432,1/0.4,1/1,,,,,,,,,,,
1/0.44,,0.105374744,0.004662877,,1/10,0.282515432,1/0.4,1/1,,,,,,,,,,,
1/0.45,,0.107203671,0.00484099,,1/10,0.282515432,1/0.4,1/1,,,,,,,,,,,
1/0.46,,0.109027997,0.005022503,,1/10,0.282515432,1/0.4,1/1,,,,,,,,,,,
1/0.47,,0.110847731,0.005207415,,1/10,0.282515432,1/0.4,1/1,,,,,,,,,,,
1/0.48,,0.112662882,0.005395725,,1/10,0.282515432,1/0.4,1/1,,,,,,,,,,,
1/0.49,,0.114473458,0.005587432,,1/10,0.282515432,1/0.4,1/1,,,,,,,,,,,
1/0.50,,0.116279469,0.005782533,,1/10,0.282515432,1/0.5,1/1,,0.257920927,0.034751173,,,,,,,,
,,,,,,,,,,,,,,,,,,,
,,,,,,,,,,,,,,,,,,,
,,,,,,,,,,,,,,,,,,,
,,,,,,,,,,,,,,,,,,,
êiíªÇ±Ç±Ç©ÇÁ,,,,,,,,,,,,,,,,,,,
"(1/30,1/30,1/30,1/0.1,1/1,1/0.1)Ç∆î‰är",,,,"[0.01919956119489004,0.02090623996039146]",,,,,,,,,,,,,,,
BÇçÃóp,1/30,0.064340924,1/0.05,1,,0.043217189,0.00105312,,,,,,,,,,,,
CÇçÃóp,1/30,0.064340924,1/0.05,10,,0.006326789,2.10E-05,,,,,,,,,,,,
B:C=9:1,1/30,0.064340924,1/0.05,1.9,,0.024039196,0.000313607,,,,,,,,,,,,
B:C=8:2,1/30,0.064340924,1/0.05,2.8,,0.017061194,0.00015572,,,,,,,,,,,,
B:C=8.5:1.5,1/30,0.064340924,1/0.05,2.35,,0.019890181,0.000212878,,,,,,,,,,,,
íxâÑÉåÅ[ÉgÇ…BCÇÃèüó¶ÇÇ©ÇØÇƒÇ›ÇÈ,1/30,0.064340924,1/0.05,5.43815221,,0.009845419,5.11E-05,,,,,,,,,,,,
íxâÑÉåÅ[ÉgÇÃï™éqÇ…èüó¶ÇÃèdÇ›Ç¬ÇØ,1/30,0.064340924,1/0.05,22.2515944,,0.004008525,8.39E-06,,,,,,,,,,,,
íxâÑÉåÅ[ÉgÇ…BCÇÃèüó¶ÇÇ©ÇØÇƒ1/2î{Ç∑ÇÈ,1/30,0.064340924,1/0.05,2.719076105,,0.017501598,0.000164012,,,,,,,,,,,,
,,,,,,,,,,,,,,,,,,,
"(1/10,1/5,1/10,1/0.1,1/1,1/0.1)Ç∆î‰är",,,,"[0.10572309254403688,0.10762366213094642]",,,,"[0.004899150560585031,0.005314288306922859]",,,,,,,,,,,
A-BCä‘ÇÃíxâÑÉpÉâÉÅÅ[É^Çí≤êÆ,,,,,,,,,,,,,,,,,,,
,1/10,0.263321961,1/0.05,3.686978728,,0.059092543,0.001465603,,,,,,,,,,,,
,1/10,0.263321961,1/0.1,3.686978728,,0.067721603,0.001941824,,,,,,,,,,,,
,1/10,0.263321961,1/0.3,3.686978728,,0.100063413,0.004486669,,,,,,,,,,,,
,1/10,0.263321961,1/0.4,3.686978728,,0.115078959,0.00612533,,,,,,,,,,,,
,1/10,0.263321961,1/0.5,3.686978728,,0.129419294,0.007992247,,,,,,,,,,,,
,,,,,,,,,,,,,,,,,,,
BC-Aä‘ÇÃíxâÑÉpÉâÉÅÅ[É^Çí≤êÆ,,,,,,,,,,,,,,,,,,,
,1/10,0.263321961,1/0.05,1.5,,0.12614407,0.007496861,,,,,,,,,,,,
íxâÑÉåÅ[ÉgÇ…BCÇÃèüó¶ÇÇ©ÇØÇƒ1/2î{Ç∑ÇÈ,1/10,0.263321961,1/0.05,1.843489364,,0.105755871,0.005093238,,,,,,,,,,,,
,1/10,0.263321961,1/0.05,2,,0.098648714,0.004378414,,,,,,,,,,,,
,1/10,0.263321961,1/0.05,3,,0.0700425,0.002099787,,,,,,,,,,,,
íxâÑÉåÅ[ÉgÇ…BCÇÃèüó¶ÇÇ©ÇØÇƒÇ›ÇÈ,1/10,0.263321961,1/0.05,3.686978728,,0.059092543,0.001465603,,,,,,,,,,,,
,1/10,0.263321961,1/0.05,5,,0.046339608,0.000880839,,,,,,,,,,,,
,,,,,,,,,,,,,,,,,,,
BÇçÃóp,1/10,0.263321961,1/0.05,1,,0.177947615,0.016194101,,,,,,,,,,,,
CÇçÃóp,1/10,0.263321961,1/0.05,10,,0.028079961,0.000313293,,1.367423891,,,,,,,,,,
B:C=8.5:1.5,1/10,0.263321961,1/0.05,2.35,,0.086006321,0.003256251,,,,,,,,,,,,
B:C=9:1,1/10,0.263321961,1/0.05,1.9,,0.10306312,0.004815136,,,,,,,,,,,,
B:C=9.5:0.5,1/10,0.263321961,1/0.05,1.45,,0.129851241,0.007992355,,,,,,,,,,,,
,1/10,0.263321961,1/0.05,1.367423891,,0.136515493,0.008929992,,,,,,,,,,,,
,,,,,,,,,,,,,,,,,,,
"(1/30,1/30,1/30,1/1,1/1,1/0.1)Ç∆î‰är",,,,"[0.04500811885834703,0.046125355944363206]",,,,,,,,,,,,,,,
íxâÑÉåÅ[ÉgÇ…BCÇÃèüó¶ÇÇ©ÇØÇƒ1/2î{Ç∑ÇÈ,1/30,0.064340924,1/0.5,2.719076105,,0.035469613,0.000695667,,,,,,,,,,,,
,1/30,0.064340924,1/0.5,5.43815221,,0.027988247,0.000431389,,,,,,,,,,,,
A-BCÇ1/2ÇµÇ»Ç¢,1/30,0.064340924,1/1,5.43815221,,0.046867012,0.001277194,,,,,,,,,,,,
BÇçÃóp,1/30,0.064340924,1/0.5,1,,0.060602776,0.002101783,,,,,,,,,,,,
CÇçÃóp,1/30,0.064340924,1/0.5,10,,0.024550157,0.000332107,,,,,,,,,,,,
B:C=9:1,1/30,0.064340924,1/0.5,1.9,,0.041858429,0.000975473,,1.788908766,,,,,,,,,,
B:C=9.5:0.5,1/30,0.064340924,1/0.5,1.45,,0.048380388,0.001314525,,,,,,,,,,,,
,,,,,,,,,,,,,,,,,,,
"(1/30,1/30,1/30,1/0.01,1/0.01,1/0.1)Ç∆î‰är",,,,"[0.0020118894522016817,0.0022691047747793918]",,,,,1.369863014,,,,,,,,,,
íxâÑÉåÅ[ÉgÇ…BCÇÃèüó¶ÇÇ©ÇØÇƒ1/2î{Ç∑ÇÈ,1/30,0.066423484,1/0.005,27.46655644,,0.001829248,,,,,,,,,,,,,
,1/30,0.066423484,1/0.005,54.93311288,,0.001025558,5.29E-07,,,,,,,,,,,,
A-BCÇ1/2ÇµÇ»Ç¢,1/30,0.066423484,1/0.01,54.93311288,,0.001246221,7.81E-07,,,0.73,,,,,,,,,
BÇçÃóp,1/30,0.066423484,1/0.005,100,,0.000663095,2.21E-07,,,,,,,,,,,,
CÇçÃóp,1/30,0.066423484,1/0.005,10,,0.004630389,1.09E-05,,,,,,,,,,,,
B:C=1.5:8.5,1/30,0.066423484,1/0.005,23.5,,0.002100373,2.22E-06,,,,,,,,,,,,
B:C=2:8,1/30,0.066423484,1/0.005,28,,0.00179864,1.63E-06,,,,,,,,,,,,
,1/30,0.066423484,1/0.005,18.18181818,,0.002652182,3.55E-06,,,,,,,,,,,,
,,,,,,,,,,,,,,,,,,,
"(1/10,1/10,1/10,(1/1,1/0.1),1/0.1,1/0.1)Ç∆î‰är",,,,"[0.04209363558338461,0.04303333290341839]",,,,,,,,,,,,,,,
AÅ®BÇçÃóp,1/10,0.196097035,1,1/0.1,,0.118514906,,,,,,,,,,,,,
,1/10,0.196097035,3,1/0.1,,0.052546213,,,,,,,,,,,,,
,1/10,0.196097035,3.636363636,1/0.1,,0.045992086,,,,,,,,,,,,,
,1/10,0.196097035,4,1/0.0,,0.043136562,,,,,,,,,,,,,
,1/10,0.196097035,5.5,1/0.1,,0.035200202,,,,,,,,,,,,,
AÅ®CÇçÃóp,1/10,0.196097035,10,1/0.1,,0.025374049,,,,,,,,,,,,,
AÅ®BC=AÅ®B+AÅ®C,1/10,0.196097035,11,1/0.1,,0.024260865,,,,,,,,,,,,,
,1/10,0.196097035,15,1/0.1,,0.021270694,,,,,,,,,,,,,
,,,,,,,,,,,,,,,,,,,
"(1/10,1/10,1/10,(1/0.2,1/0.8),1/0.1,1/0.1)Ç∆î‰är",,,,"[0.04714488588169369,0.04833886400381726]",,,,,,,,,,,,,,,
òa,1/10,0.196097035,6.25,1/0.1,,0.032613052,0.000577101,,,,,,,,,,,,
ëÅÇ¢ï˚,1/10,0.196097035,1/0.2,1/0.1,,0.037338299,0.000765949,,,,,,,,,,,,
í≤òaïΩãœ,1/10,0.196097035,1/0.5,1/0.1,,0.070489406,0.002986479,,,,,,,,,,,,
íxÇ¢ï˚,1/10,0.196097035,1/0.8,1/0.1,,0.100235365,0.006507101,,,,,,,,,,,,
ïΩãœ,1/10,0.196097035,3.125,1/0.1,,0.051061285,0.001487108,,,,,,,,,,,,
,1/10,0.196097035,4,1/0.1,,0.043136562,0.001038517,,,,,,,,,,,,
,,,,,,,,,,,,,,,,,,,
"(1/10,1/10,1/10,(1/0.2,1/0.8),(1/0.7,1/0.3),1/0.1)Ç∆î‰är",,,,"[0.07557365237200869,0.07715403687363598]",,,,"[0.0029618399071354297,0.0030594531415735426]",,,,,,,,,,,
ëÅÇ¢ï˚ÅEëÅÇ¢ï˚,1/10,0.192393564,1/0.2,1/0.3,,0.060170062,0.002078183,,,,,,,,,,,,
ëÅÇ¢ï˚ÅEíxÇ¢ï˚,1/10,0.185552455,1/0.2,1/0.7,,0.100439277,0.006417387,,,,,,,,,,,,
íxÇ¢ï˚ÅEëÅÇ¢ï˚,1/10,0.192393564,1/0.8,1/0.3,,0.119871193,0.009428641,,,,,,,,,,,,
íxÇ¢ï˚ÅEíxÇ¢ï˚,1/10,0.185552455,1/0.8,1/0.7,,0.15457058,0.016573433,,,,,,,,,,,,
,1/10,0.192393564,4,1.369863014,,,,,,,,,,,,,,,
,,,,,,,,,,,,,,,,,,,
"(1/30,1/30,1/30,(1/1,1/0.1),1/0.1,1/0.1)Ç∆î‰är",,,,"[0.015512857472970753,0.01650588821349569]",,,,,,,,,,,,,,,
,1/30,0.064340924,3.636363636,1/0.1,,0.015586066,0.000130289,,,,,,,,,,,,
,,,,,,,,,,,,,,,,,,,
"(1/30,1/30,1/30,(1/0.2,1/0.8),1/0.1,1/0.1)Ç∆î‰är",,,,"[0.016422635270605345,0.0180090251535282]",,,,"[0.00016160186687999329,0.00019705927876447068](îjä¸êîÇ™1åÖ)",,,,,,,,,,,
,1/30,0.064340924,4,1/0.1,,0.01457222,0.00011355,,,,,,,,,,,,
,,,,,,,,,,,,,,,,,,,
"(1/30,1/30,1/30,(1/0.6,1/0.8),1/0.1,1/0.1)Ç∆î‰är",,,,"[0.025171612071916278,0.025724217507771988]",,,,,,,,,,,,,,,
,1/30,0.064340924,2.857142857,1/0.1,,0.018605866,0.000187353,,,,,,,,,,,,
,,,,,,,,,,,,,,,,,,,
"(1/30,1/30,1/30,(1/0.4,1/0.8),1/0.1,1/0.1)Ç∆î‰är",,,,"[0.021593342988380726,0.022957043856663154]",,,,,,,,,,,,,,,
,1/30,0.064340924,3.333333333,1/0.1,,0.01659627,0.000187353,,,,,,,,,,,,
,,,,,,,,,,,,,,,,,,,
"(1/10,1/10,1/10,(1/0.4,1/0.8),1/0.1,1/0.1)Ç∆î‰är",,,,"[0.05763763269608871,0.05839043444027078]",,,,,,,,,,,,,,,
,1/10,0.196097035,3.333333333,1/0.1,,0.048819377,0.001351054,,,,,,,,,,,,
,,,,,,,,,,,,,,,,,,,
"(1/10,1/10,1/10,(1/0.6,1/0.8),1/0.1,1/0.1)Ç∆î‰är",,,,"[0.0677380946272896,0.06855751367988198]",,,,,,,,,,,,,,,
,1/10,0.196097035,2.857142857,1/0.1,,0.054391639,0.001702871,,,,,,,,,,,,
,,,,,,,,,,,,,,,,,,,
"(1/10,1/10,1/10,(1/0.03,1/0.07),1/0.1,1/0.1)Ç∆î‰är",,,,"[0.014699192871013782,0.015762729317530335]",,,,,,,,,,,,,,,
,1/10,0.196097035,40,1/0.1,,0.016055846,0.000135241,,,,,,,,,,,,
,,,,,,,,,,,,,,,,,,,
"(1/10,1/10,1/10,(1/0.3,1/0.7),1/0.1,1/0.1)Ç∆î‰är",,,,"[0.04915057914963666,0.050791022279371524]",,,,,,,,,,,,,,,
,1/10,0.196097035,4,1/0.1,,0.043136562,0.001038517,,,,,,,,,,,,
,1/10,0.196097035,1/0.3,1/0.1,,0.048819377,0.001351054,,,,,,,,,,,,
,1/10,0.196097035,1/0.7,1/0.1,,0.090652149,0.005200151,,,,,,,,,,,,
,,,,,,,,,,,,,,,,,,,
"(1/30,1/30,1/30,1/0.1,1/0.1,1/0.1)Ç∆î‰är",,,,"[0.006518197458485756,0.006698697495611274]",,,,,,,,,,,,,,,
,1/30,0.064340924,20,1/0.1,,0.006326789,2.10E-05,,,,,,,,,,,,
,,,,,,,,,,,,,,,,,,,
"(1/10,1/10,1/10,1/0.1,1/1,1/0.1)Ç∆î‰är",,,,"[0.05139589992951838,0.052710670419307847]",,,,"[0.0015411340924047841,0.0016401426399867745]",,,,,,,,,,,
,1/10,0.180845194,20,1.76711421,,0.068244545,0.002925005,,,,,,,,,,,,
